{"frames": [

{
	"filename": "Run_Cycle_Side_Contact_1.png",
	"frame": {"x":0,"y":0,"w":407,"h":229},
	"rotated": false,
	"trimmed": false,
	"spriteSourceSize": {"x":0,"y":0,"w":407,"h":229},
	"sourceSize": {"w":407,"h":229}
},
{
	"filename": "Run_Cycle_Side_Contact_1_1.png",
	"frame": {"x":407,"y":0,"w":407,"h":229},
	"rotated": false,
	"trimmed": false,
	"spriteSourceSize": {"x":0,"y":0,"w":407,"h":229},
	"sourceSize": {"w":407,"h":229}
},
{
	"filename": "Run_Cycle_Side_Contact_2.png",
	"frame": {"x":814,"y":0,"w":407,"h":229},
	"rotated": false,
	"trimmed": false,
	"spriteSourceSize": {"x":0,"y":0,"w":407,"h":229},
	"sourceSize": {"w":407,"h":229}
},
{
	"filename": "Run_Cycle_Side_Contact_2_1.png",
	"frame": {"x":1221,"y":0,"w":407,"h":229},
	"rotated": false,
	"trimmed": false,
	"spriteSourceSize": {"x":0,"y":0,"w":407,"h":229},
	"sourceSize": {"w":407,"h":229}
},
{
	"filename": "Run_Cycle_Side_Down_1.png",
	"frame": {"x":1628,"y":0,"w":407,"h":229},
	"rotated": false,
	"trimmed": false,
	"spriteSourceSize": {"x":0,"y":0,"w":407,"h":229},
	"sourceSize": {"w":407,"h":229}
},
{
	"filename": "Run_Cycle_Side_Down_2.png",
	"frame": {"x":0,"y":229,"w":407,"h":229},
	"rotated": false,
	"trimmed": false,
	"spriteSourceSize": {"x":0,"y":0,"w":407,"h":229},
	"sourceSize": {"w":407,"h":229}
},
{
	"filename": "Run_Cycle_Side_Passing_1.png",
	"frame": {"x":407,"y":229,"w":407,"h":229},
	"rotated": false,
	"trimmed": false,
	"spriteSourceSize": {"x":0,"y":0,"w":407,"h":229},
	"sourceSize": {"w":407,"h":229}
},
{
	"filename": "Run_Cycle_Side_Passing_2.png",
	"frame": {"x":814,"y":229,"w":407,"h":229},
	"rotated": false,
	"trimmed": false,
	"spriteSourceSize": {"x":0,"y":0,"w":407,"h":229},
	"sourceSize": {"w":407,"h":229}
},
{
	"filename": "Run_Cycle_Side_Up_1.png",
	"frame": {"x":1221,"y":229,"w":407,"h":229},
	"rotated": false,
	"trimmed": false,
	"spriteSourceSize": {"x":0,"y":0,"w":407,"h":229},
	"sourceSize": {"w":407,"h":229}
},
{
	"filename": "Run_Cycle_Side_Up_2.png",
	"frame": {"x":1628,"y":229,"w":407,"h":229},
	"rotated": false,
	"trimmed": false,
	"spriteSourceSize": {"x":0,"y":0,"w":407,"h":229},
	"sourceSize": {"w":407,"h":229}
}],
"meta": {
	"app": "https://www.codeandweb.com/texturepacker",
	"version": "1.0",
	"image": "runman.png",
	"format": "RGBA8888",
	"size": {"w":2035,"h":458},
	"scale": "1",
	"smartupdate": "$TexturePacker:SmartUpdate:472bdd6f6dac119327ee189d0371e1f6:b1665e9320bf73a43c4f900e047147ce:aadb0655a7d127472f795a3289a337fc$"
}
}
